{"cameraMode":{"drawMode":0,"name":"Shaded","section":"Shading Mode"},"sceneLighting":true,"audioPlay":false,"sceneViewState":{"showFog":true,"showMaterialUpdate":false,"showSkybox":true,"showFlares":true,"showImageEffects":true,"showParticleSystems":true},"in2DMode":false,"pivot":{"x":-5.466796875,"y":-10.180755615234375,"z":-31.189453125},"rotation":{"x":-0.0009625247912481427,"y":-0.9917024970054627,"z":-0.0074379160068929199,"w":0.12833552062511445},"size":24.8165340423584,"orthographic":true}